{
    "$schema": "https://schema.management.azure.com/schemas/2015-01-01/deploymentParameters.json#",
    "contentVersion": "1.0.0.0",
    "parameters": {
        "virtualMachines_Web_VM_1_name": {
            "value": null
        },
        "virtualMachines_Web_VM_2_name": {
            "value": null
        },
        "publicIPAddresses_LB_pip_name": {
            "value": null
        },
        "networkInterfaces_web_vm_1368_z2_name": {
            "value": null
        },
        "networkInterfaces_web_vm_2397_z3_name": {
            "value": null
        },
        "virtualNetworks_loadbalance_vnet_name": {
            "value": null
        },
        "loadBalancers_Project_Loadbalancer_name": {
            "value": null
        },
        "networkSecurityGroups_Web_VM_1_nsg_name": {
            "value": null
        },
        "networkSecurityGroups_Web_VM_2_nsg_name": {
            "value": null
        }
    }
}