{
    "$schema": "https://schema.management.azure.com/schemas/2019-04-01/deploymentTemplate.json#",
    "contentVersion": "1.0.0.0",
    "parameters": {
        "virtualMachines_Web_VM_1_name": {
            "defaultValue": "Web-VM-1",
            "type": "String"
        },
        "virtualMachines_Web_VM_2_name": {
            "defaultValue": "Web-VM-2",
            "type": "String"
        },
        "publicIPAddresses_LB_pip_name": {
            "defaultValue": "LB-pip",
            "type": "String"
        },
        "networkInterfaces_web_vm_1368_z2_name": {
            "defaultValue": "web-vm-1368_z2",
            "type": "String"
        },
        "networkInterfaces_web_vm_2397_z3_name": {
            "defaultValue": "web-vm-2397_z3",
            "type": "String"
        },
        "virtualNetworks_loadbalance_vnet_name": {
            "defaultValue": "loadbalance-vnet",
            "type": "String"
        },
        "loadBalancers_Project_Loadbalancer_name": {
            "defaultValue": "Project_Loadbalancer",
            "type": "String"
        },
        "networkSecurityGroups_Web_VM_1_nsg_name": {
            "defaultValue": "Web-VM-1-nsg",
            "type": "String"
        },
        "networkSecurityGroups_Web_VM_2_nsg_name": {
            "defaultValue": "Web-VM-2-nsg",
            "type": "String"
        }
    },
    "variables": {},
    "resources": [
        {
            "type": "Microsoft.Network/networkSecurityGroups",
            "apiVersion": "2024-05-01",
            "name": "[parameters('networkSecurityGroups_Web_VM_1_nsg_name')]",
            "location": "centralindia",
            "properties": {
                "securityRules": [
                    {
                        "name": "RDP",
                        "id": "[resourceId('Microsoft.Network/networkSecurityGroups/securityRules', parameters('networkSecurityGroups_Web_VM_1_nsg_name'), 'RDP')]",
                        "type": "Microsoft.Network/networkSecurityGroups/securityRules",
                        "properties": {
                            "protocol": "TCP",
                            "sourcePortRange": "*",
                            "destinationPortRange": "3389",
                            "sourceAddressPrefix": "*",
                            "destinationAddressPrefix": "*",
                            "access": "Allow",
                            "priority": 300,
                            "direction": "Inbound",
                            "sourcePortRanges": [],
                            "destinationPortRanges": [],
                            "sourceAddressPrefixes": [],
                            "destinationAddressPrefixes": []
                        }
                    },
                    {
                        "name": "AllowAnyHTTPInbound",
                        "id": "[resourceId('Microsoft.Network/networkSecurityGroups/securityRules', parameters('networkSecurityGroups_Web_VM_1_nsg_name'), 'AllowAnyHTTPInbound')]",
                        "type": "Microsoft.Network/networkSecurityGroups/securityRules",
                        "properties": {
                            "protocol": "TCP",
                            "sourcePortRange": "*",
                            "destinationPortRange": "80",
                            "sourceAddressPrefix": "*",
                            "destinationAddressPrefix": "*",
                            "access": "Allow",
                            "priority": 310,
                            "direction": "Inbound",
                            "sourcePortRanges": [],
                            "destinationPortRanges": [],
                            "sourceAddressPrefixes": [],
                            "destinationAddressPrefixes": []
                        }
                    }
                ]
            }
        },
        {
            "type": "Microsoft.Network/networkSecurityGroups",
            "apiVersion": "2024-05-01",
            "name": "[parameters('networkSecurityGroups_Web_VM_2_nsg_name')]",
            "location": "centralindia",
            "properties": {
                "securityRules": [
                    {
                        "name": "RDP",
                        "id": "[resourceId('Microsoft.Network/networkSecurityGroups/securityRules', parameters('networkSecurityGroups_Web_VM_2_nsg_name'), 'RDP')]",
                        "type": "Microsoft.Network/networkSecurityGroups/securityRules",
                        "properties": {
                            "protocol": "TCP",
                            "sourcePortRange": "*",
                            "destinationPortRange": "3389",
                            "sourceAddressPrefix": "*",
                            "destinationAddressPrefix": "*",
                            "access": "Allow",
                            "priority": 300,
                            "direction": "Inbound",
                            "sourcePortRanges": [],
                            "destinationPortRanges": [],
                            "sourceAddressPrefixes": [],
                            "destinationAddressPrefixes": []
                        }
                    },
                    {
                        "name": "AllowAnyHTTPInbound",
                        "id": "[resourceId('Microsoft.Network/networkSecurityGroups/securityRules', parameters('networkSecurityGroups_Web_VM_2_nsg_name'), 'AllowAnyHTTPInbound')]",
                        "type": "Microsoft.Network/networkSecurityGroups/securityRules",
                        "properties": {
                            "protocol": "TCP",
                            "sourcePortRange": "*",
                            "destinationPortRange": "80",
                            "sourceAddressPrefix": "*",
                            "destinationAddressPrefix": "*",
                            "access": "Allow",
                            "priority": 310,
                            "direction": "Inbound",
                            "sourcePortRanges": [],
                            "destinationPortRanges": [],
                            "sourceAddressPrefixes": [],
                            "destinationAddressPrefixes": []
                        }
                    }
                ]
            }
        },
        {
            "type": "Microsoft.Network/publicIPAddresses",
            "apiVersion": "2024-05-01",
            "name": "[parameters('publicIPAddresses_LB_pip_name')]",
            "location": "centralindia",
            "sku": {
                "name": "Standard",
                "tier": "Regional"
            },
            "zones": [
                "2",
                "1",
                "3"
            ],
            "properties": {
                "ipAddress": "135.235.249.245",
                "publicIPAddressVersion": "IPv4",
                "publicIPAllocationMethod": "Static",
                "idleTimeoutInMinutes": 4,
                "ipTags": [],
                "ddosSettings": {
                    "protectionMode": "VirtualNetworkInherited"
                }
            }
        },
        {
            "type": "Microsoft.Network/virtualNetworks",
            "apiVersion": "2024-05-01",
            "name": "[parameters('virtualNetworks_loadbalance_vnet_name')]",
            "location": "centralindia",
            "properties": {
                "addressSpace": {
                    "addressPrefixes": [
                        "192.168.0.0/16"
                    ]
                },
                "encryption": {
                    "enabled": false,
                    "enforcement": "AllowUnencrypted"
                },
                "privateEndpointVNetPolicies": "Disabled",
                "subnets": [
                    {
                        "name": "Loadbalance-Subnet",
                        "id": "[resourceId('Microsoft.Network/virtualNetworks/subnets', parameters('virtualNetworks_loadbalance_vnet_name'), 'Loadbalance-Subnet')]",
                        "properties": {
                            "addressPrefixes": [
                                "192.168.0.0/24"
                            ],
                            "delegations": [],
                            "privateEndpointNetworkPolicies": "Disabled",
                            "privateLinkServiceNetworkPolicies": "Enabled"
                        },
                        "type": "Microsoft.Network/virtualNetworks/subnets"
                    }
                ],
                "virtualNetworkPeerings": [],
                "enableDdosProtection": false
            }
        },
        {
            "type": "Microsoft.Compute/virtualMachines",
            "apiVersion": "2024-11-01",
            "name": "[parameters('virtualMachines_Web_VM_1_name')]",
            "location": "centralindia",
            "dependsOn": [
                "[resourceId('Microsoft.Network/networkInterfaces', parameters('networkInterfaces_web_vm_1368_z2_name'))]"
            ],
            "tags": {
                "Created By": "Nandhini"
            },
            "zones": [
                "2"
            ],
            "properties": {
                "hardwareProfile": {
                    "vmSize": "Standard_B2as_v2"
                },
                "additionalCapabilities": {
                    "hibernationEnabled": false
                },
                "storageProfile": {
                    "imageReference": {
                        "publisher": "MicrosoftWindowsServer",
                        "offer": "WindowsServer",
                        "sku": "2022-datacenter-azure-edition",
                        "version": "latest"
                    },
                    "osDisk": {
                        "osType": "Windows",
                        "name": "[concat(parameters('virtualMachines_Web_VM_1_name'), '_OsDisk_1_4a890cff50a644a0b6d270c7aa062e56')]",
                        "createOption": "FromImage",
                        "caching": "ReadWrite",
                        "managedDisk": {
                            "id": "[resourceId('Microsoft.Compute/disks', concat(parameters('virtualMachines_Web_VM_1_name'), '_OsDisk_1_4a890cff50a644a0b6d270c7aa062e56'))]"
                        },
                        "deleteOption": "Delete"
                    },
                    "dataDisks": [],
                    "diskControllerType": "SCSI"
                },
                "osProfile": {
                    "computerName": "[parameters('virtualMachines_Web_VM_1_name')]",
                    "adminUsername": "Nandhini",
                    "windowsConfiguration": {
                        "provisionVMAgent": true,
                        "enableAutomaticUpdates": true,
                        "patchSettings": {
                            "patchMode": "AutomaticByOS",
                            "assessmentMode": "ImageDefault",
                            "enableHotpatching": false
                        }
                    },
                    "secrets": [],
                    "allowExtensionOperations": true,
                    "requireGuestProvisionSignal": true
                },
                "networkProfile": {
                    "networkInterfaces": [
                        {
                            "id": "[resourceId('Microsoft.Network/networkInterfaces', parameters('networkInterfaces_web_vm_1368_z2_name'))]",
                            "properties": {
                                "deleteOption": "Detach"
                            }
                        }
                    ]
                },
                "diagnosticsProfile": {
                    "bootDiagnostics": {
                        "enabled": true
                    }
                }
            }
        },
        {
            "type": "Microsoft.Compute/virtualMachines",
            "apiVersion": "2024-11-01",
            "name": "[parameters('virtualMachines_Web_VM_2_name')]",
            "location": "centralindia",
            "dependsOn": [
                "[resourceId('Microsoft.Network/networkInterfaces', parameters('networkInterfaces_web_vm_2397_z3_name'))]"
            ],
            "tags": {
                "Created By": "Nandhini"
            },
            "zones": [
                "3"
            ],
            "properties": {
                "hardwareProfile": {
                    "vmSize": "Standard_B2as_v2"
                },
                "additionalCapabilities": {
                    "hibernationEnabled": false
                },
                "storageProfile": {
                    "imageReference": {
                        "publisher": "MicrosoftWindowsServer",
                        "offer": "WindowsServer",
                        "sku": "2022-datacenter-azure-edition",
                        "version": "latest"
                    },
                    "osDisk": {
                        "osType": "Windows",
                        "name": "[concat(parameters('virtualMachines_Web_VM_2_name'), '_OsDisk_1_d64acc5833214758b9d23788fa948759')]",
                        "createOption": "FromImage",
                        "caching": "ReadWrite",
                        "managedDisk": {
                            "id": "[resourceId('Microsoft.Compute/disks', concat(parameters('virtualMachines_Web_VM_2_name'), '_OsDisk_1_d64acc5833214758b9d23788fa948759'))]"
                        },
                        "deleteOption": "Delete"
                    },
                    "dataDisks": [],
                    "diskControllerType": "SCSI"
                },
                "osProfile": {
                    "computerName": "[parameters('virtualMachines_Web_VM_2_name')]",
                    "adminUsername": "Nandhini",
                    "windowsConfiguration": {
                        "provisionVMAgent": true,
                        "enableAutomaticUpdates": true,
                        "patchSettings": {
                            "patchMode": "AutomaticByOS",
                            "assessmentMode": "ImageDefault",
                            "enableHotpatching": false
                        }
                    },
                    "secrets": [],
                    "allowExtensionOperations": true,
                    "requireGuestProvisionSignal": true
                },
                "networkProfile": {
                    "networkInterfaces": [
                        {
                            "id": "[resourceId('Microsoft.Network/networkInterfaces', parameters('networkInterfaces_web_vm_2397_z3_name'))]",
                            "properties": {
                                "deleteOption": "Detach"
                            }
                        }
                    ]
                },
                "diagnosticsProfile": {
                    "bootDiagnostics": {
                        "enabled": true
                    }
                }
            }
        },
        {
            "type": "Microsoft.Network/loadBalancers",
            "apiVersion": "2024-05-01",
            "name": "[parameters('loadBalancers_Project_Loadbalancer_name')]",
            "location": "centralindia",
            "dependsOn": [
                "[resourceId('Microsoft.Network/publicIPAddresses', parameters('publicIPAddresses_LB_pip_name'))]"
            ],
            "tags": {
                "Created By": "Nandhini"
            },
            "sku": {
                "name": "Standard",
                "tier": "Regional"
            },
            "properties": {
                "frontendIPConfigurations": [
                    {
                        "name": "LB-ip",
                        "id": "[concat(resourceId('Microsoft.Network/loadBalancers', parameters('loadBalancers_Project_Loadbalancer_name')), '/frontendIPConfigurations/LB-ip')]",
                        "properties": {
                            "privateIPAllocationMethod": "Dynamic",
                            "publicIPAddress": {
                                "id": "[resourceId('Microsoft.Network/publicIPAddresses', parameters('publicIPAddresses_LB_pip_name'))]"
                            }
                        }
                    }
                ],
                "backendAddressPools": [
                    {
                        "name": "myvmpool",
                        "id": "[resourceId('Microsoft.Network/loadBalancers/backendAddressPools', parameters('loadBalancers_Project_Loadbalancer_name'), 'myvmpool')]",
                        "properties": {
                            "loadBalancerBackendAddresses": [
                                {
                                    "name": "Loadbalance-Project_web-vm-2397_z3ipconfig1",
                                    "properties": {}
                                },
                                {
                                    "name": "Loadbalance-Project_web-vm-1368_z2ipconfig1",
                                    "properties": {}
                                }
                            ]
                        }
                    }
                ],
                "loadBalancingRules": [
                    {
                        "name": "mylb-rule",
                        "id": "[concat(resourceId('Microsoft.Network/loadBalancers', parameters('loadBalancers_Project_Loadbalancer_name')), '/loadBalancingRules/mylb-rule')]",
                        "properties": {
                            "frontendIPConfiguration": {
                                "id": "[concat(resourceId('Microsoft.Network/loadBalancers', parameters('loadBalancers_Project_Loadbalancer_name')), '/frontendIPConfigurations/LB-ip')]"
                            },
                            "frontendPort": 80,
                            "backendPort": 80,
                            "enableFloatingIP": false,
                            "idleTimeoutInMinutes": 4,
                            "protocol": "Tcp",
                            "enableTcpReset": false,
                            "loadDistribution": "Default",
                            "disableOutboundSnat": true,
                            "backendAddressPool": {
                                "id": "[resourceId('Microsoft.Network/loadBalancers/backendAddressPools', parameters('loadBalancers_Project_Loadbalancer_name'), 'myvmpool')]"
                            },
                            "backendAddressPools": [
                                {
                                    "id": "[resourceId('Microsoft.Network/loadBalancers/backendAddressPools', parameters('loadBalancers_Project_Loadbalancer_name'), 'myvmpool')]"
                                }
                            ],
                            "probe": {
                                "id": "[concat(resourceId('Microsoft.Network/loadBalancers', parameters('loadBalancers_Project_Loadbalancer_name')), '/probes/LB-health')]"
                            }
                        }
                    }
                ],
                "probes": [
                    {
                        "name": "LB-health",
                        "id": "[concat(resourceId('Microsoft.Network/loadBalancers', parameters('loadBalancers_Project_Loadbalancer_name')), '/probes/LB-health')]",
                        "properties": {
                            "protocol": "Tcp",
                            "port": 80,
                            "intervalInSeconds": 5,
                            "numberOfProbes": 1,
                            "probeThreshold": 1,
                            "noHealthyBackendsBehavior": "AllProbedDown"
                        }
                    }
                ],
                "inboundNatRules": [
                    {
                        "name": "myvmnatrule",
                        "id": "[resourceId('Microsoft.Network/loadBalancers/inboundNatRules', parameters('loadBalancers_Project_Loadbalancer_name'), 'myvmnatrule')]",
                        "properties": {
                            "frontendIPConfiguration": {
                                "id": "[concat(resourceId('Microsoft.Network/loadBalancers', parameters('loadBalancers_Project_Loadbalancer_name')), '/frontendIPConfigurations/LB-ip')]"
                            },
                            "frontendPort": 0,
                            "backendPort": 3389,
                            "enableFloatingIP": false,
                            "idleTimeoutInMinutes": 4,
                            "protocol": "Tcp",
                            "enableTcpReset": false,
                            "frontendPortRangeStart": 50000,
                            "frontendPortRangeEnd": 50103,
                            "backendAddressPool": {
                                "id": "[resourceId('Microsoft.Network/loadBalancers/backendAddressPools', parameters('loadBalancers_Project_Loadbalancer_name'), 'myvmpool')]"
                            }
                        }
                    }
                ],
                "outboundRules": [
                    {
                        "name": "vm-internet-acess-rule",
                        "id": "[concat(resourceId('Microsoft.Network/loadBalancers', parameters('loadBalancers_Project_Loadbalancer_name')), '/outboundRules/vm-internet-acess-rule')]",
                        "properties": {
                            "allocatedOutboundPorts": 0,
                            "protocol": "All",
                            "enableTcpReset": true,
                            "idleTimeoutInMinutes": 4,
                            "backendAddressPool": {
                                "id": "[resourceId('Microsoft.Network/loadBalancers/backendAddressPools', parameters('loadBalancers_Project_Loadbalancer_name'), 'myvmpool')]"
                            },
                            "frontendIPConfigurations": [
                                {
                                    "id": "[concat(resourceId('Microsoft.Network/loadBalancers', parameters('loadBalancers_Project_Loadbalancer_name')), '/frontendIPConfigurations/LB-ip')]"
                                }
                            ]
                        }
                    }
                ],
                "inboundNatPools": []
            }
        },
        {
            "type": "Microsoft.Network/loadBalancers/backendAddressPools",
            "apiVersion": "2024-05-01",
            "name": "[concat(parameters('loadBalancers_Project_Loadbalancer_name'), '/myvmpool')]",
            "dependsOn": [
                "[resourceId('Microsoft.Network/loadBalancers', parameters('loadBalancers_Project_Loadbalancer_name'))]"
            ],
            "properties": {
                "loadBalancerBackendAddresses": [
                    {
                        "name": "Loadbalance-Project_web-vm-2397_z3ipconfig1",
                        "properties": {}
                    },
                    {
                        "name": "Loadbalance-Project_web-vm-1368_z2ipconfig1",
                        "properties": {}
                    }
                ]
            }
        },
        {
            "type": "Microsoft.Network/networkSecurityGroups/securityRules",
            "apiVersion": "2024-05-01",
            "name": "[concat(parameters('networkSecurityGroups_Web_VM_1_nsg_name'), '/AllowAnyHTTPInbound')]",
            "dependsOn": [
                "[resourceId('Microsoft.Network/networkSecurityGroups', parameters('networkSecurityGroups_Web_VM_1_nsg_name'))]"
            ],
            "properties": {
                "protocol": "TCP",
                "sourcePortRange": "*",
                "destinationPortRange": "80",
                "sourceAddressPrefix": "*",
                "destinationAddressPrefix": "*",
                "access": "Allow",
                "priority": 310,
                "direction": "Inbound",
                "sourcePortRanges": [],
                "destinationPortRanges": [],
                "sourceAddressPrefixes": [],
                "destinationAddressPrefixes": []
            }
        },
        {
            "type": "Microsoft.Network/networkSecurityGroups/securityRules",
            "apiVersion": "2024-05-01",
            "name": "[concat(parameters('networkSecurityGroups_Web_VM_2_nsg_name'), '/AllowAnyHTTPInbound')]",
            "dependsOn": [
                "[resourceId('Microsoft.Network/networkSecurityGroups', parameters('networkSecurityGroups_Web_VM_2_nsg_name'))]"
            ],
            "properties": {
                "protocol": "TCP",
                "sourcePortRange": "*",
                "destinationPortRange": "80",
                "sourceAddressPrefix": "*",
                "destinationAddressPrefix": "*",
                "access": "Allow",
                "priority": 310,
                "direction": "Inbound",
                "sourcePortRanges": [],
                "destinationPortRanges": [],
                "sourceAddressPrefixes": [],
                "destinationAddressPrefixes": []
            }
        },
        {
            "type": "Microsoft.Network/networkSecurityGroups/securityRules",
            "apiVersion": "2024-05-01",
            "name": "[concat(parameters('networkSecurityGroups_Web_VM_1_nsg_name'), '/RDP')]",
            "dependsOn": [
                "[resourceId('Microsoft.Network/networkSecurityGroups', parameters('networkSecurityGroups_Web_VM_1_nsg_name'))]"
            ],
            "properties": {
                "protocol": "TCP",
                "sourcePortRange": "*",
                "destinationPortRange": "3389",
                "sourceAddressPrefix": "*",
                "destinationAddressPrefix": "*",
                "access": "Allow",
                "priority": 300,
                "direction": "Inbound",
                "sourcePortRanges": [],
                "destinationPortRanges": [],
                "sourceAddressPrefixes": [],
                "destinationAddressPrefixes": []
            }
        },
        {
            "type": "Microsoft.Network/networkSecurityGroups/securityRules",
            "apiVersion": "2024-05-01",
            "name": "[concat(parameters('networkSecurityGroups_Web_VM_2_nsg_name'), '/RDP')]",
            "dependsOn": [
                "[resourceId('Microsoft.Network/networkSecurityGroups', parameters('networkSecurityGroups_Web_VM_2_nsg_name'))]"
            ],
            "properties": {
                "protocol": "TCP",
                "sourcePortRange": "*",
                "destinationPortRange": "3389",
                "sourceAddressPrefix": "*",
                "destinationAddressPrefix": "*",
                "access": "Allow",
                "priority": 300,
                "direction": "Inbound",
                "sourcePortRanges": [],
                "destinationPortRanges": [],
                "sourceAddressPrefixes": [],
                "destinationAddressPrefixes": []
            }
        },
        {
            "type": "Microsoft.Network/virtualNetworks/subnets",
            "apiVersion": "2024-05-01",
            "name": "[concat(parameters('virtualNetworks_loadbalance_vnet_name'), '/Loadbalance-Subnet')]",
            "dependsOn": [
                "[resourceId('Microsoft.Network/virtualNetworks', parameters('virtualNetworks_loadbalance_vnet_name'))]"
            ],
            "properties": {
                "addressPrefixes": [
                    "192.168.0.0/24"
                ],
                "delegations": [],
                "privateEndpointNetworkPolicies": "Disabled",
                "privateLinkServiceNetworkPolicies": "Enabled"
            }
        },
        {
            "type": "Microsoft.Network/loadBalancers/inboundNatRules",
            "apiVersion": "2024-05-01",
            "name": "[concat(parameters('loadBalancers_Project_Loadbalancer_name'), '/myvmnatrule')]",
            "dependsOn": [
                "[resourceId('Microsoft.Network/loadBalancers', parameters('loadBalancers_Project_Loadbalancer_name'))]",
                "[resourceId('Microsoft.Network/loadBalancers/backendAddressPools', parameters('loadBalancers_Project_Loadbalancer_name'), 'myvmpool')]"
            ],
            "properties": {
                "frontendIPConfiguration": {
                    "id": "[concat(resourceId('Microsoft.Network/loadBalancers', parameters('loadBalancers_Project_Loadbalancer_name')), '/frontendIPConfigurations/LB-ip')]"
                },
                "frontendPort": 0,
                "backendPort": 3389,
                "enableFloatingIP": false,
                "idleTimeoutInMinutes": 4,
                "protocol": "Tcp",
                "enableTcpReset": false,
                "frontendPortRangeStart": 50000,
                "frontendPortRangeEnd": 50103,
                "backendAddressPool": {
                    "id": "[resourceId('Microsoft.Network/loadBalancers/backendAddressPools', parameters('loadBalancers_Project_Loadbalancer_name'), 'myvmpool')]"
                }
            }
        },
        {
            "type": "Microsoft.Network/networkInterfaces",
            "apiVersion": "2024-05-01",
            "name": "[parameters('networkInterfaces_web_vm_1368_z2_name')]",
            "location": "centralindia",
            "dependsOn": [
                "[resourceId('Microsoft.Network/virtualNetworks/subnets', parameters('virtualNetworks_loadbalance_vnet_name'), 'Loadbalance-Subnet')]",
                "[resourceId('Microsoft.Network/loadBalancers/backendAddressPools', parameters('loadBalancers_Project_Loadbalancer_name'), 'myvmpool')]",
                "[resourceId('Microsoft.Network/networkSecurityGroups', parameters('networkSecurityGroups_Web_VM_1_nsg_name'))]"
            ],
            "kind": "Regular",
            "properties": {
                "ipConfigurations": [
                    {
                        "name": "ipconfig1",
                        "id": "[concat(resourceId('Microsoft.Network/networkInterfaces', parameters('networkInterfaces_web_vm_1368_z2_name')), '/ipConfigurations/ipconfig1')]",
                        "type": "Microsoft.Network/networkInterfaces/ipConfigurations",
                        "properties": {
                            "privateIPAddress": "192.168.0.4",
                            "privateIPAllocationMethod": "Dynamic",
                            "subnet": {
                                "id": "[resourceId('Microsoft.Network/virtualNetworks/subnets', parameters('virtualNetworks_loadbalance_vnet_name'), 'Loadbalance-Subnet')]"
                            },
                            "primary": true,
                            "privateIPAddressVersion": "IPv4",
                            "loadBalancerBackendAddressPools": [
                                {
                                    "id": "[resourceId('Microsoft.Network/loadBalancers/backendAddressPools', parameters('loadBalancers_Project_Loadbalancer_name'), 'myvmpool')]"
                                }
                            ]
                        }
                    }
                ],
                "dnsSettings": {
                    "dnsServers": []
                },
                "enableAcceleratedNetworking": true,
                "enableIPForwarding": false,
                "disableTcpStateTracking": false,
                "networkSecurityGroup": {
                    "id": "[resourceId('Microsoft.Network/networkSecurityGroups', parameters('networkSecurityGroups_Web_VM_1_nsg_name'))]"
                },
                "nicType": "Standard",
                "auxiliaryMode": "None",
                "auxiliarySku": "None"
            }
        },
        {
            "type": "Microsoft.Network/networkInterfaces",
            "apiVersion": "2024-05-01",
            "name": "[parameters('networkInterfaces_web_vm_2397_z3_name')]",
            "location": "centralindia",
            "dependsOn": [
                "[resourceId('Microsoft.Network/virtualNetworks/subnets', parameters('virtualNetworks_loadbalance_vnet_name'), 'Loadbalance-Subnet')]",
                "[resourceId('Microsoft.Network/loadBalancers/backendAddressPools', parameters('loadBalancers_Project_Loadbalancer_name'), 'myvmpool')]",
                "[resourceId('Microsoft.Network/networkSecurityGroups', parameters('networkSecurityGroups_Web_VM_2_nsg_name'))]"
            ],
            "kind": "Regular",
            "properties": {
                "ipConfigurations": [
                    {
                        "name": "ipconfig1",
                        "id": "[concat(resourceId('Microsoft.Network/networkInterfaces', parameters('networkInterfaces_web_vm_2397_z3_name')), '/ipConfigurations/ipconfig1')]",
                        "type": "Microsoft.Network/networkInterfaces/ipConfigurations",
                        "properties": {
                            "privateIPAddress": "192.168.0.5",
                            "privateIPAllocationMethod": "Dynamic",
                            "subnet": {
                                "id": "[resourceId('Microsoft.Network/virtualNetworks/subnets', parameters('virtualNetworks_loadbalance_vnet_name'), 'Loadbalance-Subnet')]"
                            },
                            "primary": true,
                            "privateIPAddressVersion": "IPv4",
                            "loadBalancerBackendAddressPools": [
                                {
                                    "id": "[resourceId('Microsoft.Network/loadBalancers/backendAddressPools', parameters('loadBalancers_Project_Loadbalancer_name'), 'myvmpool')]"
                                }
                            ]
                        }
                    }
                ],
                "dnsSettings": {
                    "dnsServers": []
                },
                "enableAcceleratedNetworking": true,
                "enableIPForwarding": false,
                "disableTcpStateTracking": false,
                "networkSecurityGroup": {
                    "id": "[resourceId('Microsoft.Network/networkSecurityGroups', parameters('networkSecurityGroups_Web_VM_2_nsg_name'))]"
                },
                "nicType": "Standard",
                "auxiliaryMode": "None",
                "auxiliarySku": "None"
            }
        }
    ]
}